Data;Hora;Fuso;Open;High;Low;Close;Volume
2026-09-23;10:01:00;-03:00;18,799999237060547;18,799999237060547;18,700000762939453;18,700000762939453;0
2026-09-23;10:03:00;-03:00;18,600000381469727;18,600000381469727;18,600000381469727;18,600000381469727;0
2026-09-23;10:04:00;-03:00;18,59000015258789;18,59000015258789;18,59000015258789;18,59000015258789;200
2026-09-23;10:07:00;-03:00;18,579999923706055;18,579999923706055;18,56999969482422;18,56999969482422;200
2026-09-23;10:09:00;-03:00;18,530000686645508;18,530000686645508;18,530000686645508;18,530000686645508;100
2026-09-23;10:10:00;-03:00;18,530000686645508;18,530000686645508;18,530000686645508;18,530000686645508;900
2026-09-23;10:13:00;-03:00;18,520000457763672;18,520000457763672;18,520000457763672;18,520000457763672;200
2026-09-23;10:16:00;-03:00;18,530000686645508;18,530000686645508;18,530000686645508;18,530000686645508;1100
2026-09-23;10:17:00;-03:00;18,559999465942383;18,559999465942383;18,549999237060547;18,549999237060547;0
2026-09-23;10:25:00;-03:00;18,579999923706055;18,59000015258789;18,579999923706055;18,59000015258789;300
2026-09-23;10:29:00;-03:00;18,540000915527344;18,540000915527344;18,540000915527344;18,540000915527344;200
2026-09-23;10:35:00;-03:00;18,540000915527344;18,540000915527344;18,540000915527344;18,540000915527344;900
2026-09-23;10:39:00;-03:00;18,549999237060547;18,56999969482422;18,549999237060547;18,56999969482422;1100
2026-09-23;10:40:00;-03:00;18,540000915527344;18,540000915527344;18,540000915527344;18,540000915527344;100
2026-09-23;10:42:00;-03:00;18,530000686645508;18,530000686645508;18,530000686645508;18,530000686645508;0
2026-09-23;10:44:00;-03:00;18,5;18,5;18,5;18,5;300
2026-09-23;10:45:00;-03:00;18,479999542236328;18,479999542236328;18,459999084472656;18,459999084472656;1200
2026-09-23;10:46:00;-03:00;18,450000762939453;18,450000762939453;18,450000762939453;18,450000762939453;1000
2026-09-23;10:47:00;-03:00;18,450000762939453;18,450000762939453;18,450000762939453;18,450000762939453;0
2026-09-23;10:48:00;-03:00;18,459999084472656;18,459999084472656;18,459999084472656;18,459999084472656;100
2026-09-23;10:50:00;-03:00;18,469999313354492;18,5;18,43000030517578;18,5;3400
2026-09-23;11:04:00;-03:00;18,5;18,5;18,5;18,5;200
2026-09-23;11:05:00;-03:00;18,469999313354492;18,469999313354492;18,469999313354492;18,469999313354492;100
2026-09-23;11:09:00;-03:00;18,479999542236328;18,479999542236328;18,479999542236328;18,479999542236328;1200
2026-09-23;11:11:00;-03:00;18,469999313354492;18,469999313354492;18,469999313354492;18,469999313354492;0
2026-09-23;11:14:00;-03:00;18,450000762939453;18,450000762939453;18,450000762939453;18,450000762939453;4000
2026-09-23;11:20:00;-03:00;18,440000534057617;18,440000534057617;18,440000534057617;18,440000534057617;0
2026-09-23;11:22:00;-03:00;18,43000030517578;18,43000030517578;18,43000030517578;18,43000030517578;400
2026-09-23;11:23:00;-03:00;18,43000030517578;18,440000534057617;18,43000030517578;18,440000534057617;0
2026-09-23;11:26:00;-03:00;18,440000534057617;18,440000534057617;18,440000534057617;18,440000534057617;100
2026-09-23;11:29:00;-03:00;18,420000076293945;18,420000076293945;18,389999389648438;18,389999389648438;9800
2026-09-23;11:30:00;-03:00;18,399999618530273;18,399999618530273;18,3799991607666;18,3799991607666;0
2026-09-23;11:31:00;-03:00;18,3799991607666;18,3799991607666;18,3799991607666;18,3799991607666;300
2026-09-23;11:33:00;-03:00;18,3799991607666;18,3799991607666;18,3799991607666;18,3799991607666;300
2026-09-23;11:38:00;-03:00;18,40999984741211;18,40999984741211;18,40999984741211;18,40999984741211;0
2026-09-23;11:39:00;-03:00;18,3799991607666;18,399999618530273;18,3700008392334;18,399999618530273;300
2026-09-23;11:47:00;-03:00;18,3700008392334;18,3700008392334;18,360000610351562;18,360000610351562;900
2026-09-23;11:48:00;-03:00;18,350000381469727;18,350000381469727;18,350000381469727;18,350000381469727;100
2026-09-23;11:49:00;-03:00;18,34000015258789;18,34000015258789;18,34000015258789;18,34000015258789;200
2026-09-23;11:50:00;-03:00;18,34000015258789;18,360000610351562;18,34000015258789;18,360000610351562;300
2026-09-23;11:52:00;-03:00;18,360000610351562;18,360000610351562;18,360000610351562;18,360000610351562;200
2026-09-23;11:54:00;-03:00;18,389999389648438;18,389999389648438;18,3700008392334;18,3700008392334;1700
2026-09-23;11:55:00;-03:00;18,360000610351562;18,360000610351562;18,360000610351562;18,360000610351562;100
2026-09-23;11:57:00;-03:00;18,3700008392334;18,3700008392334;18,3700008392334;18,3700008392334;100
2026-09-23;11:59:00;-03:00;18,3799991607666;18,3799991607666;18,3799991607666;18,3799991607666;400
2026-09-23;12:06:00;-03:00;18,43000030517578;18,43000030517578;18,43000030517578;18,43000030517578;0
2026-09-23;12:20:00;-03:00;18,420000076293945;18,420000076293945;18,420000076293945;18,420000076293945;200
2026-09-23;12:21:00;-03:00;18,420000076293945;18,420000076293945;18,420000076293945;18,420000076293945;100
2026-09-23;12:22:00;-03:00;18,43000030517578;18,43000030517578;18,43000030517578;18,43000030517578;100
2026-09-23;12:26:00;-03:00;18,43000030517578;18,43000030517578;18,43000030517578;18,43000030517578;100
2026-09-23;12:27:00;-03:00;18,440000534057617;18,440000534057617;18,440000534057617;18,440000534057617;200
2026-09-23;12:30:00;-03:00;18,420000076293945;18,420000076293945;18,420000076293945;18,420000076293945;400
2026-09-23;12:34:00;-03:00;18,420000076293945;18,420000076293945;18,399999618530273;18,420000076293945;1000
2026-09-23;12:39:00;-03:00;18,43000030517578;18,43000030517578;18,43000030517578;18,43000030517578;0
2026-09-23;12:50:00;-03:00;18,43000030517578;18,43000030517578;18,420000076293945;18,420000076293945;400
2026-09-23;13:06:00;-03:00;18,420000076293945;18,420000076293945;18,420000076293945;18,420000076293945;1500
2026-09-23;13:17:00;-03:00;18,440000534057617;18,440000534057617;18,440000534057617;18,440000534057617;300
2026-09-23;13:19:00;-03:00;18,450000762939453;18,450000762939453;18,450000762939453;18,450000762939453;200
2026-09-23;13:20:00;-03:00;18,459999084472656;18,479999542236328;18,459999084472656;18,479999542236328;400
2026-09-23;13:24:00;-03:00;18,440000534057617;18,440000534057617;18,440000534057617;18,440000534057617;0
2026-09-23;13:32:00;-03:00;18,510000228881836;18,520000457763672;18,510000228881836;18,520000457763672;1600
2026-09-23;13:34:00;-03:00;18,510000228881836;18,510000228881836;18,450000762939453;18,450000762939453;800
2026-09-23;13:40:00;-03:00;18,420000076293945;18,420000076293945;18,420000076293945;18,420000076293945;800
2026-09-23;13:52:00;-03:00;18,3799991607666;18,3799991607666;18,3799991607666;18,3799991607666;200
2026-09-23;13:56:00;-03:00;18,3799991607666;18,3799991607666;18,3799991607666;18,3799991607666;100
2026-09-23;13:57:00;-03:00;18,360000610351562;18,360000610351562;18,360000610351562;18,360000610351562;100
2026-09-23;14:00:00;-03:00;18,3799991607666;18,3799991607666;18,3799991607666;18,3799991607666;400
2026-09-23;14:02:00;-03:00;18,350000381469727;18,350000381469727;18,350000381469727;18,350000381469727;500
2026-09-23;14:03:00;-03:00;18,350000381469727;18,360000610351562;18,350000381469727;18,360000610351562;600
2026-09-23;14:07:00;-03:00;18,360000610351562;18,360000610351562;18,360000610351562;18,360000610351562;0
2026-09-23;14:23:00;-03:00;18,360000610351562;18,360000610351562;18,360000610351562;18,360000610351562;400
2026-09-23;14:24:00;-03:00;18,350000381469727;18,360000610351562;18,350000381469727;18,360000610351562;900
2026-09-23;14:28:00;-03:00;18,329999923706055;18,329999923706055;18,329999923706055;18,329999923706055;0
2026-09-23;14:32:00;-03:00;18,31999969482422;18,31999969482422;18,309999465942383;18,31999969482422;700
2026-09-23;14:34:00;-03:00;18,31999969482422;18,34000015258789;18,31999969482422;18,34000015258789;700
2026-09-23;14:35:00;-03:00;18,309999465942383;18,309999465942383;18,309999465942383;18,309999465942383;2000
2026-09-23;14:36:00;-03:00;18,31999969482422;18,31999969482422;18,31999969482422;18,31999969482422;0
2026-09-23;14:41:00;-03:00;18,309999465942383;18,309999465942383;18,309999465942383;18,309999465942383;300
2026-09-23;14:46:00;-03:00;18,31999969482422;18,31999969482422;18,31999969482422;18,31999969482422;300
2026-09-23;14:47:00;-03:00;18,309999465942383;18,309999465942383;18,290000915527344;18,290000915527344;3000
2026-09-23;15:00:00;-03:00;18,290000915527344;18,290000915527344;18,290000915527344;18,290000915527344;1000
2026-09-23;15:03:00;-03:00;18,260000228881836;18,260000228881836;18,260000228881836;18,260000228881836;0
2026-09-23;15:05:00;-03:00;18,260000228881836;18,260000228881836;18,25;18,260000228881836;1000
2026-09-23;15:06:00;-03:00;18,25;18,25;18,25;18,25;200
2026-09-23;15:11:00;-03:00;18,25;18,25;18,25;18,25;100
2026-09-23;15:12:00;-03:00;18,229999542236328;18,229999542236328;18,18000030517578;18,18000030517578;10100
2026-09-23;15:13:00;-03:00;18,200000762939453;18,200000762939453;18,200000762939453;18,200000762939453;0
2026-09-23;15:15:00;-03:00;18,219999313354492;18,219999313354492;18,219999313354492;18,219999313354492;1000
2026-09-23;15:16:00;-03:00;18,270000457763672;18,270000457763672;18,270000457763672;18,270000457763672;200
2026-09-23;15:17:00;-03:00;18,260000228881836;18,260000228881836;18,260000228881836;18,260000228881836;300
2026-09-23;15:18:00;-03:00;18,270000457763672;18,270000457763672;18,270000457763672;18,270000457763672;500
2026-09-23;15:19:00;-03:00;18,270000457763672;18,270000457763672;18,270000457763672;18,270000457763672;200
2026-09-23;15:22:00;-03:00;18,260000228881836;18,270000457763672;18,260000228881836;18,270000457763672;500
2026-09-23;15:30:00;-03:00;18,209999084472656;18,209999084472656;18,209999084472656;18,209999084472656;700
2026-09-23;15:33:00;-03:00;18,219999313354492;18,219999313354492;18,219999313354492;18,219999313354492;100
2026-09-23;15:35:00;-03:00;18,200000762939453;18,209999084472656;18,200000762939453;18,209999084472656;200
2026-09-23;15:37:00;-03:00;18,200000762939453;18,200000762939453;18,200000762939453;18,200000762939453;100
2026-09-23;15:38:00;-03:00;18,190000534057617;18,200000762939453;18,190000534057617;18,190000534057617;1800
2026-09-23;15:39:00;-03:00;18,190000534057617;18,209999084472656;18,190000534057617;18,190000534057617;12200
2026-09-23;15:41:00;-03:00;18,209999084472656;18,209999084472656;18,209999084472656;18,209999084472656;0
2026-09-23;15:47:00;-03:00;18,219999313354492;18,219999313354492;18,219999313354492;18,219999313354492;200
2026-09-23;15:48:00;-03:00;18,239999771118164;18,25;18,239999771118164;18,239999771118164;2200
2026-09-23;15:51:00;-03:00;18,25;18,25;18,239999771118164;18,239999771118164;10200
2026-09-23;15:52:00;-03:00;18,219999313354492;18,219999313354492;18,219999313354492;18,219999313354492;0
2026-09-23;15:57:00;-03:00;18,209999084472656;18,209999084472656;18,209999084472656;18,209999084472656;100
2026-09-23;16:01:00;-03:00;18,200000762939453;18,200000762939453;18,200000762939453;18,200000762939453;1000
2026-09-23;16:08:00;-03:00;18,209999084472656;18,209999084472656;18,190000534057617;18,190000534057617;12700
2026-09-23;16:09:00;-03:00;18,239999771118164;18,270000457763672;18,239999771118164;18,270000457763672;0
2026-09-23;16:12:00;-03:00;18,270000457763672;18,270000457763672;18,270000457763672;18,270000457763672;0
2026-09-23;16:14:00;-03:00;18,25;18,25;18,25;18,25;200
2026-09-23;16:16:00;-03:00;18,209999084472656;18,209999084472656;18,209999084472656;18,209999084472656;100
2026-09-23;16:18:00;-03:00;18,229999542236328;18,229999542236328;18,229999542236328;18,229999542236328;100
2026-09-23;16:19:00;-03:00;18,209999084472656;18,209999084472656;18,209999084472656;18,209999084472656;100
2026-09-23;16:20:00;-03:00;18,209999084472656;18,209999084472656;18,190000534057617;18,190000534057617;2900
2026-09-23;16:32:00;-03:00;18,209999084472656;18,209999084472656;18,190000534057617;18,190000534057617;4700
2026-09-23;16:35:00;-03:00;18,200000762939453;18,200000762939453;18,200000762939453;18,200000762939453;0
2026-09-23;16:36:00;-03:00;18,190000534057617;18,219999313354492;18,190000534057617;18,219999313354492;400
2026-09-23;16:38:00;-03:00;18,190000534057617;18,190000534057617;18,18000030517578;18,18000030517578;5700
2026-09-23;16:50:00;-03:00;18,209999084472656;18,209999084472656;18,209999084472656;18,209999084472656;600
2026-09-23;16:51:00;-03:00;18,190000534057617;18,190000534057617;18,190000534057617;18,190000534057617;0
2026-09-23;16:54:00;-03:00;18,209999084472656;18,219999313354492;18,209999084472656;18,219999313354492;600
2026-09-24;10:00:00;-03:00;18,219999313354492;18,219999313354492;18,219999313354492;18,219999313354492;200
2026-09-24;10:02:00;-03:00;18,219999313354492;18,219999313354492;18,100000381469727;18,100000381469727;4100
2026-09-24;10:09:00;-03:00;18,219999313354492;18,270000457763672;18,219999313354492;18,270000457763672;1700
2026-09-24;10:13:00;-03:00;18,229999542236328;18,229999542236328;18,229999542236328;18,229999542236328;0
2026-09-24;10:25:00;-03:00;18,200000762939453;18,200000762939453;18,200000762939453;18,200000762939453;800
2026-09-24;10:26:00;-03:00;18,200000762939453;18,200000762939453;18,200000762939453;18,200000762939453;200
2026-09-24;10:34:00;-03:00;18,200000762939453;18,200000762939453;18,200000762939453;18,200000762939453;200
2026-09-24;10:41:00;-03:00;18,15999984741211;18,15999984741211;18,149999618530273;18,149999618530273;800
2026-09-24;10:44:00;-03:00;18,100000381469727;18,100000381469727;18,0;18,0;5600
2026-09-24;10:46:00;-03:00;18,040000915527344;18,040000915527344;17,989999771118164;17,989999771118164;1800
2026-09-24;10:49:00;-03:00;18,059999465942383;18,06999969482422;18,059999465942383;18,06999969482422;200
2026-09-24;11:00:00;-03:00;18,09000015258789;18,09000015258789;18,09000015258789;18,09000015258789;900
2026-09-24;11:03:00;-03:00;18,049999237060547;18,049999237060547;18,049999237060547;18,049999237060547;200
2026-09-24;11:06:00;-03:00;18,100000381469727;18,100000381469727;18,100000381469727;18,100000381469727;100
2026-09-24;11:14:00;-03:00;18,100000381469727;18,100000381469727;18,100000381469727;18,100000381469727;100
2026-09-24;11:15:00;-03:00;18,06999969482422;18,079999923706055;18,06999969482422;18,079999923706055;200
2026-09-24;11:21:00;-03:00;18,079999923706055;18,079999923706055;18,049999237060547;18,049999237060547;600
2026-09-24;11:23:00;-03:00;18,09000015258789;18,100000381469727;18,09000015258789;18,100000381469727;200
2026-09-24;11:28:00;-03:00;18,100000381469727;18,100000381469727;18,100000381469727;18,100000381469727;0
2026-09-24;11:31:00;-03:00;18,100000381469727;18,100000381469727;18,100000381469727;18,100000381469727;900
2026-09-24;11:40:00;-03:00;18,09000015258789;18,09000015258789;18,079999923706055;18,079999923706055;0
2026-09-24;11:41:00;-03:00;18,06999969482422;18,06999969482422;18,06999969482422;18,06999969482422;100
2026-09-24;11:42:00;-03:00;18,06999969482422;18,06999969482422;18,06999969482422;18,06999969482422;200
2026-09-24;11:48:00;-03:00;18,059999465942383;18,059999465942383;18,059999465942383;18,059999465942383;1000
2026-09-24;11:49:00;-03:00;18,059999465942383;18,059999465942383;18,059999465942383;18,059999465942383;0
2026-09-24;11:55:00;-03:00;18,06999969482422;18,06999969482422;18,06999969482422;18,06999969482422;200
2026-09-24;11:58:00;-03:00;18,06999969482422;18,06999969482422;17,989999771118164;17,989999771118164;3400
2026-09-24;12:01:00;-03:00;18,010000228881836;18,010000228881836;18,010000228881836;18,010000228881836;200
2026-09-24;12:06:00;-03:00;17,989999771118164;17,989999771118164;17,989999771118164;17,989999771118164;100
2026-09-24;12:11:00;-03:00;17,989999771118164;17,989999771118164;17,989999771118164;17,989999771118164;100
2026-09-24;12:12:00;-03:00;17,979999542236328;17,979999542236328;17,979999542236328;17,979999542236328;100
2026-09-24;12:14:00;-03:00;17,969999313354492;17,969999313354492;17,93000030517578;17,93000030517578;3300
2026-09-24;12:19:00;-03:00;17,959999084472656;17,969999313354492;17,959999084472656;17,969999313354492;600
2026-09-24;12:21:00;-03:00;17,969999313354492;17,969999313354492;17,969999313354492;17,969999313354492;100
2026-09-24;12:22:00;-03:00;17,969999313354492;17,969999313354492;17,959999084472656;17,959999084472656;400
2026-09-24;12:23:00;-03:00;17,979999542236328;17,979999542236328;17,979999542236328;17,979999542236328;200
2026-09-24;12:25:00;-03:00;17,979999542236328;17,989999771118164;17,979999542236328;17,989999771118164;300
2026-09-24;12:26:00;-03:00;17,989999771118164;17,989999771118164;17,989999771118164;17,989999771118164;200
2026-09-24;12:27:00;-03:00;17,989999771118164;17,989999771118164;17,989999771118164;17,989999771118164;500
2026-09-24;12:28:00;-03:00;18,0;18,0;18,0;18,0;0
2026-09-24;12:29:00;-03:00;18,0;18,0;18,0;18,0;100
2026-09-24;12:32:00;-03:00;18,0;18,0;18,0;18,0;300
2026-09-24;12:33:00;-03:00;18,020000457763672;18,020000457763672;18,020000457763672;18,020000457763672;100
2026-09-24;12:34:00;-03:00;17,989999771118164;17,989999771118164;17,989999771118164;17,989999771118164;0
2026-09-24;12:51:00;-03:00;17,989999771118164;17,989999771118164;17,989999771118164;17,989999771118164;200
2026-09-24;12:55:00;-03:00;18,0;18,0;18,0;18,0;300
2026-09-24;12:56:00;-03:00;18,020000457763672;18,020000457763672;17,989999771118164;17,989999771118164;400
2026-09-24;13:01:00;-03:00;17,979999542236328;17,979999542236328;17,979999542236328;17,979999542236328;200
2026-09-24;13:15:00;-03:00;18,010000228881836;18,010000228881836;18,010000228881836;18,010000228881836;0
2026-09-24;13:16:00;-03:00;18,030000686645508;18,030000686645508;18,030000686645508;18,030000686645508;200
2026-09-24;13:17:00;-03:00;18,059999465942383;18,059999465942383;18,059999465942383;18,059999465942383;100
2026-09-24;13:22:00;-03:00;18,1200008392334;18,149999618530273;18,1200008392334;18,149999618530273;1000
2026-09-24;13:23:00;-03:00;18,079999923706055;18,079999923706055;18,06999969482422;18,06999969482422;200
2026-09-24;13:34:00;-03:00;18,059999465942383;18,06999969482422;18,059999465942383;18,06999969482422;500
2026-09-24;13:44:00;-03:00;18,079999923706055;18,079999923706055;18,079999923706055;18,079999923706055;0
2026-09-24;13:54:00;-03:00;18,06999969482422;18,06999969482422;18,059999465942383;18,059999465942383;300
2026-09-24;13:55:00;-03:00;18,079999923706055;18,09000015258789;18,040000915527344;18,040000915527344;700
2026-09-24;13:59:00;-03:00;18,010000228881836;18,010000228881836;17,979999542236328;17,979999542236328;1700
2026-09-24;14:00:00;-03:00;18,010000228881836;18,020000457763672;18,010000228881836;18,020000457763672;300
2026-09-24;14:15:00;-03:00;18,010000228881836;18,010000228881836;18,0;18,0;300
2026-09-24;14:38:00;-03:00;18,0;18,0;18,0;18,0;700
2026-09-24;14:39:00;-03:00;17,989999771118164;17,989999771118164;17,989999771118164;17,989999771118164;3300
2026-09-24;14:45:00;-03:00;17,979999542236328;17,979999542236328;17,979999542236328;17,979999542236328;0
2026-09-24;14:52:00;-03:00;17,979999542236328;17,979999542236328;17,979999542236328;17,979999542236328;400
2026-09-24;14:54:00;-03:00;17,989999771118164;17,989999771118164;17,989999771118164;17,989999771118164;100
2026-09-24;14:58:00;-03:00;17,989999771118164;17,989999771118164;17,989999771118164;17,989999771118164;200
2026-09-24;15:03:00;-03:00;17,989999771118164;17,989999771118164;17,989999771118164;17,989999771118164;400
2026-09-24;15:04:00;-03:00;17,989999771118164;17,989999771118164;17,989999771118164;17,989999771118164;0
2026-09-24;15:05:00;-03:00;17,989999771118164;17,989999771118164;17,989999771118164;17,989999771118164;300
2026-09-24;15:21:00;-03:00;18,0;18,0;18,0;18,0;400
2026-09-24;15:30:00;-03:00;18,010000228881836;18,010000228881836;18,010000228881836;18,010000228881836;0
2026-09-24;15:31:00;-03:00;18,010000228881836;18,010000228881836;18,010000228881836;18,010000228881836;800
2026-09-24;15:38:00;-03:00;18,020000457763672;18,020000457763672;18,020000457763672;18,020000457763672;0
2026-09-24;15:42:00;-03:00;17,989999771118164;17,989999771118164;17,989999771118164;17,989999771118164;300
2026-09-24;15:49:00;-03:00;17,989999771118164;17,989999771118164;17,989999771118164;17,989999771118164;300
2026-09-24;15:50:00;-03:00;18,0;18,0;18,0;18,0;2600
2026-09-24;15:56:00;-03:00;17,979999542236328;17,979999542236328;17,979999542236328;17,979999542236328;0
2026-09-24;15:59:00;-03:00;17,989999771118164;17,989999771118164;17,989999771118164;17,989999771118164;200
2026-09-24;16:04:00;-03:00;17,969999313354492;17,969999313354492;17,959999084472656;17,959999084472656;1300
2026-09-24;16:11:00;-03:00;17,959999084472656;17,959999084472656;17,90999984741211;17,920000076293945;3100
2026-09-24;16:20:00;-03:00;17,950000762939453;17,950000762939453;17,950000762939453;17,950000762939453;1100
2026-09-24;16:26:00;-03:00;17,989999771118164;17,989999771118164;17,989999771118164;17,989999771118164;0
2026-09-24;16:31:00;-03:00;17,979999542236328;17,979999542236328;17,979999542236328;17,979999542236328;300
2026-09-24;16:40:00;-03:00;17,979999542236328;17,979999542236328;17,979999542236328;17,979999542236328;300
2026-09-24;16:46:00;-03:00;18,0;18,0;18,0;18,0;400
2026-09-24;16:48:00;-03:00;18,0;18,0;18,0;18,0;800
2026-09-24;16:50:00;-03:00;18,0;18,0;18,0;18,0;0
2026-09-24;16:51:00;-03:00;17,979999542236328;17,979999542236328;17,979999542236328;17,979999542236328;100
2026-09-24;16:53:00;-03:00;17,969999313354492;17,969999313354492;17,969999313354492;17,969999313354492;300
2026-09-25;10:03:00;-03:00;17,969999313354492;18,110000610351562;17,920000076293945;18,010000228881836;0
2026-09-25;10:16:00;-03:00;17,989999771118164;17,989999771118164;17,989999771118164;17,989999771118164;0
2026-09-25;10:28:00;-03:00;17,989999771118164;17,989999771118164;17,989999771118164;17,989999771118164;200
2026-09-25;10:31:00;-03:00;17,959999084472656;17,959999084472656;17,950000762939453;17,950000762939453;300
2026-09-25;10:35:00;-03:00;17,989999771118164;17,989999771118164;17,989999771118164;17,989999771118164;200
2026-09-25;10:36:00;-03:00;18,0;18,0;17,969999313354492;17,969999313354492;500
2026-09-25;10:39:00;-03:00;17,969999313354492;17,969999313354492;17,969999313354492;17,969999313354492;600
2026-09-25;10:40:00;-03:00;17,989999771118164;17,989999771118164;17,93000030517578;17,93000030517578;200
2026-09-25;10:53:00;-03:00;17,959999084472656;17,969999313354492;17,959999084472656;17,969999313354492;400
2026-09-25;10:56:00;-03:00;17,989999771118164;17,989999771118164;17,989999771118164;17,989999771118164;200
2026-09-25;10:58:00;-03:00;18,0;18,0;18,0;18,0;4300
2026-09-25;10:59:00;-03:00;18,0;18,0;18,0;18,0;2800
2026-09-25;11:00:00;-03:00;18,0;18,0;18,0;18,0;700
2026-09-25;11:02:00;-03:00;18,0;18,0;18,0;18,0;0
2026-09-25;11:03:00;-03:00;18,0;18,0;18,0;18,0;200
2026-09-25;11:12:00;-03:00;18,0;18,0;18,0;18,0;400
2026-09-25;11:13:00;-03:00;18,010000228881836;18,020000457763672;18,010000228881836;18,020000457763672;800
2026-09-25;11:14:00;-03:00;18,0;18,0;18,0;18,0;0
2026-09-25;11:20:00;-03:00;18,030000686645508;18,06999969482422;18,0;18,0;7000
2026-09-25;11:23:00;-03:00;18,0;18,0;18,0;18,0;100
2026-09-25;11:26:00;-03:00;17,959999084472656;17,959999084472656;17,959999084472656;17,959999084472656;2800
2026-09-25;11:29:00;-03:00;17,959999084472656;17,959999084472656;17,959999084472656;17,959999084472656;0
2026-09-25;11:34:00;-03:00;17,950000762939453;17,950000762939453;17,90999984741211;17,90999984741211;1400
2026-09-25;11:37:00;-03:00;17,940000534057617;17,940000534057617;17,940000534057617;17,940000534057617;400
2026-09-25;11:44:00;-03:00;17,950000762939453;17,950000762939453;17,950000762939453;17,950000762939453;0
2026-09-25;11:49:00;-03:00;17,959999084472656;17,959999084472656;17,959999084472656;17,959999084472656;200
2026-09-25;11:53:00;-03:00;17,950000762939453;17,950000762939453;17,950000762939453;17,950000762939453;100
2026-09-25;11:55:00;-03:00;17,959999084472656;17,969999313354492;17,959999084472656;17,969999313354492;500
2026-09-25;12:02:00;-03:00;18,030000686645508;18,030000686645508;18,030000686645508;18,030000686645508;0
2026-09-25;12:04:00;-03:00;18,0;18,0;17,989999771118164;17,989999771118164;400
2026-09-25;12:06:00;-03:00;17,989999771118164;17,989999771118164;17,950000762939453;17,950000762939453;1100
2026-09-25;12:07:00;-03:00;17,959999084472656;17,959999084472656;17,940000534057617;17,940000534057617;400
2026-09-25;12:11:00;-03:00;17,979999542236328;17,979999542236328;17,979999542236328;17,979999542236328;0
2026-09-25;12:18:00;-03:00;17,989999771118164;18,0;17,989999771118164;18,0;1000
2026-09-25;12:20:00;-03:00;18,049999237060547;18,049999237060547;18,049999237060547;18,049999237060547;0
2026-09-25;12:25:00;-03:00;18,09000015258789;18,09000015258789;18,09000015258789;18,09000015258789;200
2026-09-25;12:26:00;-03:00;18,049999237060547;18,049999237060547;18,049999237060547;18,049999237060547;900
2026-09-25;12:34:00;-03:00;18,06999969482422;18,06999969482422;18,06999969482422;18,06999969482422;200
2026-09-25;12:35:00;-03:00;18,020000457763672;18,020000457763672;18,020000457763672;18,020000457763672;400
2026-09-25;12:37:00;-03:00;18,020000457763672;18,020000457763672;18,020000457763672;18,020000457763672;100
2026-09-25;12:40:00;-03:00;18,010000228881836;18,010000228881836;17,959999084472656;17,959999084472656;2900
2026-09-25;12:41:00;-03:00;17,989999771118164;18,0;17,989999771118164;18,0;1100
2026-09-25;12:43:00;-03:00;17,959999084472656;17,989999771118164;17,940000534057617;17,989999771118164;300
2026-09-25;12:44:00;-03:00;17,950000762939453;17,979999542236328;17,93000030517578;17,979999542236328;3300
2026-09-25;12:46:00;-03:00;17,969999313354492;17,969999313354492;17,969999313354492;17,969999313354492;600
2026-09-25;12:48:00;-03:00;17,979999542236328;17,979999542236328;17,979999542236328;17,979999542236328;400
2026-09-25;12:49:00;-03:00;18,0;18,0;18,0;18,0;200
2026-09-25;12:54:00;-03:00;18,010000228881836;18,020000457763672;18,010000228881836;18,020000457763672;300
2026-09-25;12:58:00;-03:00;18,049999237060547;18,049999237060547;18,049999237060547;18,049999237060547;100
2026-09-25;12:59:00;-03:00;18,049999237060547;18,049999237060547;18,049999237060547;18,049999237060547;300
2026-09-25;13:02:00;-03:00;18,049999237060547;18,059999465942383;18,049999237060547;18,059999465942383;600
2026-09-25;13:04:00;-03:00;18,09000015258789;18,100000381469727;18,09000015258789;18,100000381469727;300
2026-09-25;13:05:00;-03:00;18,110000610351562;18,110000610351562;18,110000610351562;18,110000610351562;100
2026-09-25;13:12:00;-03:00;18,079999923706055;18,09000015258789;18,079999923706055;18,09000015258789;3200
2026-09-25;13:13:00;-03:00;18,1299991607666;18,1299991607666;18,1299991607666;18,1299991607666;100
2026-09-25;13:14:00;-03:00;18,100000381469727;18,100000381469727;18,100000381469727;18,100000381469727;100
2026-09-25;13:19:00;-03:00;18,06999969482422;18,06999969482422;17,989999771118164;18,0;3200
2026-09-25;13:20:00;-03:00;18,049999237060547;18,059999465942383;18,049999237060547;18,059999465942383;300
2026-09-25;13:22:00;-03:00;18,059999465942383;18,059999465942383;18,030000686645508;18,030000686645508;600
2026-09-25;13:26:00;-03:00;18,059999465942383;18,059999465942383;18,059999465942383;18,059999465942383;200
2026-09-25;13:27:00;-03:00;18,06999969482422;18,06999969482422;18,06999969482422;18,06999969482422;100
2026-09-25;13:28:00;-03:00;18,06999969482422;18,06999969482422;18,06999969482422;18,06999969482422;100
2026-09-25;13:29:00;-03:00;18,06999969482422;18,06999969482422;18,06999969482422;18,06999969482422;0
2026-09-25;13:37:00;-03:00;18,06999969482422;18,06999969482422;18,06999969482422;18,06999969482422;200
2026-09-25;13:40:00;-03:00;18,06999969482422;18,09000015258789;18,049999237060547;18,049999237060547;1700
2026-09-25;13:41:00;-03:00;18,079999923706055;18,079999923706055;18,079999923706055;18,079999923706055;100
2026-09-25;13:45:00;-03:00;18,059999465942383;18,059999465942383;18,059999465942383;18,059999465942383;0
2026-09-25;13:49:00;-03:00;18,030000686645508;18,030000686645508;18,030000686645508;18,030000686645508;1700
2026-09-25;13:53:00;-03:00;18,040000915527344;18,040000915527344;17,979999542236328;17,979999542236328;500
2026-09-25;14:01:00;-03:00;18,049999237060547;18,049999237060547;18,049999237060547;18,049999237060547;0
2026-09-25;14:04:00;-03:00;18,049999237060547;18,049999237060547;18,049999237060547;18,049999237060547;200
2026-09-25;14:08:00;-03:00;18,059999465942383;18,059999465942383;18,059999465942383;18,059999465942383;100
2026-09-25;14:17:00;-03:00;18,06999969482422;18,06999969482422;18,06999969482422;18,06999969482422;0
2026-09-25;14:25:00;-03:00;18,0;18,0;17,950000762939453;17,950000762939453;3200
2026-09-25;14:28:00;-03:00;17,959999084472656;17,959999084472656;17,950000762939453;17,950000762939453;100
2026-09-25;14:32:00;-03:00;18,020000457763672;18,020000457763672;18,020000457763672;18,020000457763672;0
2026-09-25;14:36:00;-03:00;17,950000762939453;17,950000762939453;17,899999618530273;17,899999618530273;7000
2026-09-25;14:39:00;-03:00;17,90999984741211;17,90999984741211;17,899999618530273;17,899999618530273;0
2026-09-25;14:41:00;-03:00;17,969999313354492;17,969999313354492;17,969999313354492;17,969999313354492;100
2026-09-25;14:44:00;-03:00;17,899999618530273;17,899999618530273;17,899999618530273;17,899999618530273;200
2026-09-25;14:49:00;-03:00;17,969999313354492;17,969999313354492;17,969999313354492;17,969999313354492;200
2026-09-25;14:56:00;-03:00;17,969999313354492;17,969999313354492;17,969999313354492;17,969999313354492;100
2026-09-25;15:02:00;-03:00;17,940000534057617;17,940000534057617;17,940000534057617;17,940000534057617;0
2026-09-25;15:05:00;-03:00;17,940000534057617;17,940000534057617;17,940000534057617;17,940000534057617;200
2026-09-25;15:06:00;-03:00;17,920000076293945;17,93000030517578;17,920000076293945;17,93000030517578;500
2026-09-25;15:11:00;-03:00;17,93000030517578;17,93000030517578;17,93000030517578;17,93000030517578;0
2026-09-25;15:12:00;-03:00;17,940000534057617;17,940000534057617;17,940000534057617;17,940000534057617;200
2026-09-25;15:13:00;-03:00;17,950000762939453;17,950000762939453;17,940000534057617;17,940000534057617;200
2026-09-25;15:14:00;-03:00;17,959999084472656;17,969999313354492;17,959999084472656;17,969999313354492;200
2026-09-25;15:20:00;-03:00;17,969999313354492;17,969999313354492;17,969999313354492;17,969999313354492;200
2026-09-25;15:23:00;-03:00;17,969999313354492;17,969999313354492;17,969999313354492;17,969999313354492;400
2026-09-25;15:26:00;-03:00;17,989999771118164;17,989999771118164;17,989999771118164;17,989999771118164;100
2026-09-25;15:28:00;-03:00;17,989999771118164;17,989999771118164;17,989999771118164;17,989999771118164;600
2026-09-25;15:38:00;-03:00;18,020000457763672;18,020000457763672;18,020000457763672;18,020000457763672;200
2026-09-25;15:41:00;-03:00;17,959999084472656;17,959999084472656;17,940000534057617;17,940000534057617;1000
2026-09-25;15:43:00;-03:00;17,940000534057617;17,940000534057617;17,940000534057617;17,940000534057617;200
2026-09-25;15:44:00;-03:00;18,010000228881836;18,010000228881836;18,010000228881836;18,010000228881836;0
2026-09-25;15:52:00;-03:00;18,030000686645508;18,030000686645508;18,030000686645508;18,030000686645508;200
2026-09-25;15:59:00;-03:00;18,030000686645508;18,030000686645508;18,030000686645508;18,030000686645508;100
2026-09-25;16:02:00;-03:00;17,989999771118164;17,989999771118164;17,989999771118164;17,989999771118164;0
2026-09-25;16:04:00;-03:00;18,030000686645508;18,030000686645508;18,030000686645508;18,030000686645508;600
2026-09-25;16:05:00;-03:00;18,030000686645508;18,030000686645508;18,030000686645508;18,030000686645508;5000
2026-09-25;16:08:00;-03:00;18,030000686645508;18,030000686645508;18,030000686645508;18,030000686645508;0
2026-09-25;16:10:00;-03:00;18,030000686645508;18,030000686645508;18,030000686645508;18,030000686645508;200
2026-09-25;16:11:00;-03:00;18,049999237060547;18,049999237060547;18,049999237060547;18,049999237060547;200
2026-09-25;16:15:00;-03:00;18,049999237060547;18,049999237060547;18,049999237060547;18,049999237060547;300
2026-09-25;16:17:00;-03:00;18,049999237060547;18,049999237060547;18,049999237060547;18,049999237060547;0
2026-09-25;16:26:00;-03:00;18,049999237060547;18,049999237060547;18,049999237060547;18,049999237060547;200
2026-09-25;16:28:00;-03:00;18,010000228881836;18,010000228881836;18,0;18,0;900
2026-09-25;16:47:00;-03:00;18,049999237060547;18,059999465942383;18,049999237060547;18,059999465942383;500
2026-09-28;10:00:00;-03:00;18,049999237060547;18,049999237060547;18,049999237060547;18,049999237060547;0
2026-09-28;10:04:00;-03:00;17,979999542236328;17,979999542236328;17,979999542236328;17,979999542236328;100
2026-09-28;10:05:00;-03:00;17,93000030517578;17,93000030517578;17,889999389648438;17,889999389648438;300
2026-09-28;10:07:00;-03:00;17,899999618530273;17,899999618530273;17,790000915527344;17,790000915527344;6100
2026-09-28;10:08:00;-03:00;17,8700008392334;17,8700008392334;17,8700008392334;17,8700008392334;100
2026-09-28;10:11:00;-03:00;17,860000610351562;17,860000610351562;17,860000610351562;17,860000610351562;100
2026-09-28;10:12:00;-03:00;17,850000381469727;17,850000381469727;17,850000381469727;17,850000381469727;200
2026-09-28;10:13:00;-03:00;17,850000381469727;17,850000381469727;17,809999465942383;17,809999465942383;100
2026-09-28;10:14:00;-03:00;17,829999923706055;17,829999923706055;17,81999969482422;17,81999969482422;6700
2026-09-28;10:15:00;-03:00;17,81999969482422;17,81999969482422;17,780000686645508;17,780000686645508;0
2026-09-28;10:18:00;-03:00;17,780000686645508;17,799999237060547;17,780000686645508;17,799999237060547;500
2026-09-28;10:19:00;-03:00;17,770000457763672;17,770000457763672;17,760000228881836;17,760000228881836;3500
2026-09-28;10:23:00;-03:00;17,809999465942383;17,809999465942383;17,809999465942383;17,809999465942383;0
2026-09-28;10:24:00;-03:00;17,799999237060547;17,799999237060547;17,799999237060547;17,799999237060547;900
2026-09-28;10:25:00;-03:00;17,799999237060547;17,799999237060547;17,799999237060547;17,799999237060547;0
2026-09-28;10:27:00;-03:00;17,799999237060547;17,799999237060547;17,799999237060547;17,799999237060547;4300
2026-09-28;10:29:00;-03:00;17,81999969482422;17,81999969482422;17,790000915527344;17,790000915527344;700
2026-09-28;10:30:00;-03:00;17,81999969482422;17,81999969482422;17,809999465942383;17,809999465942383;400
2026-09-28;10:31:00;-03:00;17,770000457763672;17,770000457763672;17,75;17,75;700
2026-09-28;10:32:00;-03:00;17,799999237060547;17,799999237060547;17,799999237060547;17,799999237060547;200
2026-09-28;10:33:00;-03:00;17,809999465942383;17,809999465942383;17,809999465942383;17,809999465942383;100
2026-09-28;10:35:00;-03:00;17,809999465942383;17,809999465942383;17,809999465942383;17,809999465942383;200
2026-09-28;10:40:00;-03:00;17,809999465942383;17,809999465942383;17,809999465942383;17,809999465942383;100
2026-09-28;10:42:00;-03:00;17,790000915527344;17,790000915527344;17,790000915527344;17,790000915527344;200
2026-09-28;10:44:00;-03:00;17,81999969482422;17,81999969482422;17,81999969482422;17,81999969482422;200
2026-09-28;10:47:00;-03:00;17,809999465942383;17,809999465942383;17,68000030517578;17,799999237060547;12300
2026-09-28;10:49:00;-03:00;17,809999465942383;17,81999969482422;17,809999465942383;17,81999969482422;900
2026-09-28;10:50:00;-03:00;17,770000457763672;17,770000457763672;17,770000457763672;17,770000457763672;0
2026-09-28;10:52:00;-03:00;17,790000915527344;17,790000915527344;17,790000915527344;17,790000915527344;400
2026-09-28;10:53:00;-03:00;17,809999465942383;17,809999465942383;17,809999465942383;17,809999465942383;200
2026-09-28;10:55:00;-03:00;17,809999465942383;17,809999465942383;17,809999465942383;17,809999465942383;0
2026-09-28;10:56:00;-03:00;17,809999465942383;17,809999465942383;17,809999465942383;17,809999465942383;200
2026-09-28;11:00:00;-03:00;17,809999465942383;17,81999969482422;17,809999465942383;17,81999969482422;1200
2026-09-28;11:01:00;-03:00;17,81999969482422;17,81999969482422;17,81999969482422;17,81999969482422;100
2026-09-28;11:03:00;-03:00;17,81999969482422;17,81999969482422;17,81999969482422;17,81999969482422;100
2026-09-28;11:07:00;-03:00;17,850000381469727;17,860000610351562;17,850000381469727;17,860000610351562;4100
2026-09-28;11:08:00;-03:00;17,809999465942383;17,809999465942383;17,809999465942383;17,809999465942383;0
2026-09-28;11:10:00;-03:00;17,860000610351562;17,860000610351562;17,860000610351562;17,860000610351562;300
2026-09-28;11:12:00;-03:00;17,860000610351562;17,860000610351562;17,850000381469727;17,850000381469727;700
2026-09-28;11:13:00;-03:00;17,860000610351562;17,860000610351562;17,860000610351562;17,860000610351562;3100
2026-09-28;11:20:00;-03:00;17,93000030517578;17,93000030517578;17,93000030517578;17,93000030517578;100
2026-09-28;11:41:00;-03:00;17,93000030517578;17,93000030517578;17,93000030517578;17,93000030517578;200
2026-09-28;11:43:00;-03:00;17,90999984741211;17,90999984741211;17,90999984741211;17,90999984741211;1900
2026-09-28;11:47:00;-03:00;17,8799991607666;17,8799991607666;17,8700008392334;17,8700008392334;600
2026-09-28;11:53:00;-03:00;17,899999618530273;17,899999618530273;17,899999618530273;17,899999618530273;100
2026-09-28;11:58:00;-03:00;17,899999618530273;17,899999618530273;17,899999618530273;17,899999618530273;100
2026-09-28;12:08:00;-03:00;17,8700008392334;17,8700008392334;17,850000381469727;17,850000381469727;300
2026-09-28;12:24:00;-03:00;17,899999618530273;17,899999618530273;17,899999618530273;17,899999618530273;1800
2026-09-28;12:26:00;-03:00;17,920000076293945;17,920000076293945;17,920000076293945;17,920000076293945;0
2026-09-28;12:31:00;-03:00;17,93000030517578;17,93000030517578;17,93000030517578;17,93000030517578;200
2026-09-28;12:33:00;-03:00;17,860000610351562;17,860000610351562;17,829999923706055;17,829999923706055;3000
2026-09-28;12:36:00;-03:00;17,84000015258789;17,84000015258789;17,84000015258789;17,84000015258789;100
2026-09-28;12:44:00;-03:00;17,889999389648438;17,889999389648438;17,889999389648438;17,889999389648438;200
2026-09-28;12:50:00;-03:00;17,899999618530273;17,899999618530273;17,899999618530273;17,899999618530273;100
2026-09-28;12:53:00;-03:00;17,90999984741211;17,920000076293945;17,90999984741211;17,920000076293945;100
2026-09-28;13:02:00;-03:00;17,920000076293945;17,920000076293945;17,920000076293945;17,920000076293945;200
2026-09-28;13:06:00;-03:00;17,889999389648438;17,889999389648438;17,889999389648438;17,889999389648438;0
2026-09-28;13:16:00;-03:00;17,889999389648438;17,889999389648438;17,889999389648438;17,889999389648438;200
2026-09-28;13:18:00;-03:00;17,899999618530273;17,899999618530273;17,899999618530273;17,899999618530273;700
2026-09-28;13:20:00;-03:00;17,899999618530273;17,93000030517578;17,899999618530273;17,93000030517578;1400
2026-09-28;13:24:00;-03:00;17,950000762939453;17,950000762939453;17,950000762939453;17,950000762939453;100
2026-09-28;13:25:00;-03:00;17,93000030517578;17,93000030517578;17,93000030517578;17,93000030517578;300
2026-09-28;13:26:00;-03:00;17,950000762939453;17,989999771118164;17,950000762939453;17,989999771118164;1300
2026-09-28;13:52:00;-03:00;17,899999618530273;17,899999618530273;17,899999618530273;17,899999618530273;200
2026-09-28;13:56:00;-03:00;17,979999542236328;17,979999542236328;17,979999542236328;17,979999542236328;0
2026-09-28;14:02:00;-03:00;17,979999542236328;17,979999542236328;17,979999542236328;17,979999542236328;300
2026-09-28;14:04:00;-03:00;17,979999542236328;17,979999542236328;17,979999542236328;17,979999542236328;100
2026-09-28;14:11:00;-03:00;17,989999771118164;18,0;17,989999771118164;17,989999771118164;1300
2026-09-28;14:34:00;-03:00;17,950000762939453;17,950000762939453;17,950000762939453;17,950000762939453;200
2026-09-28;14:35:00;-03:00;17,950000762939453;17,950000762939453;17,950000762939453;17,950000762939453;0
2026-09-28;15:18:00;-03:00;17,950000762939453;17,950000762939453;17,950000762939453;17,950000762939453;200
2026-09-28;15:33:00;-03:00;17,950000762939453;17,950000762939453;17,950000762939453;17,950000762939453;200
2026-09-28;15:38:00;-03:00;17,969999313354492;17,969999313354492;17,969999313354492;17,969999313354492;100
2026-09-28;15:43:00;-03:00;17,979999542236328;18,0;17,979999542236328;17,989999771118164;300
2026-09-28;15:45:00;-03:00;18,0;18,0;18,0;18,0;200
2026-09-28;15:48:00;-03:00;18,0;18,0;18,0;18,0;100
2026-09-28;15:51:00;-03:00;18,010000228881836;18,010000228881836;17,979999542236328;17,979999542236328;700
2026-09-28;15:56:00;-03:00;18,0;18,0;18,0;18,0;0
2026-09-28;15:58:00;-03:00;18,0;18,0;18,0;18,0;300
2026-09-28;15:59:00;-03:00;18,010000228881836;18,010000228881836;18,010000228881836;18,010000228881836;600
2026-09-28;16:01:00;-03:00;18,010000228881836;18,010000228881836;18,010000228881836;18,010000228881836;100
2026-09-28;16:04:00;-03:00;18,010000228881836;18,010000228881836;18,010000228881836;18,010000228881836;100
2026-09-28;16:05:00;-03:00;18,010000228881836;18,010000228881836;17,989999771118164;17,989999771118164;200
2026-09-28;16:09:00;-03:00;17,989999771118164;17,989999771118164;17,989999771118164;17,989999771118164;100
2026-09-28;16:12:00;-03:00;17,989999771118164;17,989999771118164;17,989999771118164;17,989999771118164;0
2026-09-28;16:14:00;-03:00;17,989999771118164;17,989999771118164;17,989999771118164;17,989999771118164;200
2026-09-28;16:17:00;-03:00;18,010000228881836;18,010000228881836;18,010000228881836;18,010000228881836;100
2026-09-28;16:19:00;-03:00;18,0;18,0;18,0;18,0;1200
2026-09-28;16:22:00;-03:00;17,989999771118164;17,989999771118164;17,989999771118164;17,989999771118164;100
2026-09-28;16:24:00;-03:00;18,0;18,0;18,0;18,0;100
2026-09-28;16:25:00;-03:00;18,010000228881836;18,010000228881836;18,010000228881836;18,010000228881836;100
2026-09-28;16:30:00;-03:00;18,020000457763672;18,020000457763672;18,020000457763672;18,020000457763672;2500
2026-09-28;16:32:00;-03:00;18,020000457763672;18,020000457763672;18,020000457763672;18,020000457763672;100
2026-09-28;16:33:00;-03:00;18,030000686645508;18,040000915527344;18,030000686645508;18,040000915527344;1600
2026-09-28;16:34:00;-03:00;18,040000915527344;18,040000915527344;18,040000915527344;18,040000915527344;1700
2026-09-28;16:35:00;-03:00;18,049999237060547;18,049999237060547;18,049999237060547;18,049999237060547;0
2026-09-28;16:36:00;-03:00;18,049999237060547;18,059999465942383;18,049999237060547;18,059999465942383;2800
2026-09-28;16:37:00;-03:00;18,06999969482422;18,06999969482422;18,059999465942383;18,059999465942383;0
2026-09-28;16:39:00;-03:00;18,049999237060547;18,049999237060547;18,049999237060547;18,049999237060547;200
2026-09-28;16:40:00;-03:00;18,040000915527344;18,040000915527344;18,030000686645508;18,030000686645508;2400
2026-09-28;16:46:00;-03:00;18,040000915527344;18,040000915527344;18,040000915527344;18,040000915527344;200
2026-09-28;16:48:00;-03:00;18,040000915527344;18,040000915527344;18,040000915527344;18,040000915527344;100
2026-09-28;16:50:00;-03:00;18,040000915527344;18,040000915527344;18,040000915527344;18,040000915527344;400
2026-09-28;16:53:00;-03:00;18,049999237060547;18,059999465942383;18,049999237060547;18,059999465942383;100
2026-09-29;10:01:00;-03:00;18,1200008392334;18,1200008392334;18,1200008392334;18,1200008392334;0
2026-09-29;10:03:00;-03:00;17,959999084472656;17,959999084472656;17,899999618530273;17,899999618530273;300
2026-09-29;10:04:00;-03:00;17,850000381469727;17,850000381469727;17,850000381469727;17,850000381469727;600
2026-09-29;10:10:00;-03:00;17,8799991607666;17,8799991607666;17,8799991607666;17,8799991607666;0
2026-09-29;10:11:00;-03:00;17,899999618530273;17,899999618530273;17,899999618530273;17,899999618530273;0
2026-09-29;10:16:00;-03:00;17,979999542236328;17,979999542236328;17,979999542236328;17,979999542236328;200
2026-09-29;10:18:00;-03:00;17,979999542236328;17,979999542236328;17,979999542236328;17,979999542236328;100
2026-09-29;10:20:00;-03:00;17,950000762939453;17,959999084472656;17,950000762939453;17,959999084472656;300
2026-09-29;10:31:00;-03:00;17,850000381469727;17,850000381469727;17,799999237060547;17,799999237060547;300
2026-09-29;10:34:00;-03:00;17,81999969482422;17,81999969482422;17,81999969482422;17,81999969482422;1000
2026-09-29;10:41:00;-03:00;17,920000076293945;17,920000076293945;17,920000076293945;17,920000076293945;0
2026-09-29;10:44:00;-03:00;17,899999618530273;17,899999618530273;17,8700008392334;17,8700008392334;300
2026-09-29;11:19:00;-03:00;17,8799991607666;17,8799991607666;17,8799991607666;17,8799991607666;300
2026-09-29;11:20:00;-03:00;17,940000534057617;17,940000534057617;17,940000534057617;17,940000534057617;100
2026-09-29;11:24:00;-03:00;17,8700008392334;17,8700008392334;17,8700008392334;17,8700008392334;200
2026-09-29;11:25:00;-03:00;17,899999618530273;17,899999618530273;17,899999618530273;17,899999618530273;1900
2026-09-29;11:27:00;-03:00;17,899999618530273;17,899999618530273;17,899999618530273;17,899999618530273;0
2026-09-29;11:35:00;-03:00;17,90999984741211;17,90999984741211;17,90999984741211;17,90999984741211;400
2026-09-29;11:45:00;-03:00;17,920000076293945;17,920000076293945;17,90999984741211;17,90999984741211;200
2026-09-29;11:51:00;-03:00;17,940000534057617;17,940000534057617;17,940000534057617;17,940000534057617;300
2026-09-29;11:56:00;-03:00;17,899999618530273;17,899999618530273;17,899999618530273;17,899999618530273;500
2026-09-29;11:59:00;-03:00;17,940000534057617;17,940000534057617;17,940000534057617;17,940000534057617;100
2026-09-29;12:02:00;-03:00;17,920000076293945;17,920000076293945;17,920000076293945;17,920000076293945;200
2026-09-29;12:08:00;-03:00;17,90999984741211;17,90999984741211;17,8799991607666;17,8799991607666;2300
2026-09-29;12:12:00;-03:00;17,860000610351562;17,860000610351562;17,860000610351562;17,860000610351562;100
2026-09-29;12:13:00;-03:00;17,8799991607666;17,8799991607666;17,8799991607666;17,8799991607666;500
2026-09-29;12:15:00;-03:00;17,8799991607666;17,8799991607666;17,860000610351562;17,860000610351562;800
2026-09-29;12:19:00;-03:00;17,8799991607666;17,8799991607666;17,8799991607666;17,8799991607666;200
2026-09-29;12:22:00;-03:00;17,860000610351562;17,860000610351562;17,809999465942383;17,850000381469727;3400
2026-09-29;12:27:00;-03:00;17,829999923706055;17,829999923706055;17,829999923706055;17,829999923706055;200
2026-09-29;12:39:00;-03:00;17,84000015258789;17,84000015258789;17,829999923706055;17,829999923706055;1100
2026-09-29;12:47:00;-03:00;17,809999465942383;17,809999465942383;17,799999237060547;17,799999237060547;1000
2026-09-29;12:49:00;-03:00;17,850000381469727;17,850000381469727;17,850000381469727;17,850000381469727;100
2026-09-29;12:50:00;-03:00;17,850000381469727;17,850000381469727;17,850000381469727;17,850000381469727;400
2026-09-29;12:58:00;-03:00;17,850000381469727;17,850000381469727;17,850000381469727;17,850000381469727;0
2026-09-29;13:15:00;-03:00;17,84000015258789;17,850000381469727;17,84000015258789;17,850000381469727;500
2026-09-29;13:17:00;-03:00;17,850000381469727;17,850000381469727;17,850000381469727;17,850000381469727;700
2026-09-29;13:33:00;-03:00;17,850000381469727;17,850000381469727;17,850000381469727;17,850000381469727;800
2026-09-29;14:04:00;-03:00;17,860000610351562;17,860000610351562;17,860000610351562;17,860000610351562;800
2026-09-29;14:05:00;-03:00;17,860000610351562;17,860000610351562;17,860000610351562;17,860000610351562;0
2026-09-29;14:10:00;-03:00;17,860000610351562;17,860000610351562;17,860000610351562;17,860000610351562;100
2026-09-29;14:16:00;-03:00;17,850000381469727;17,850000381469727;17,799999237060547;17,799999237060547;3300
2026-09-29;14:19:00;-03:00;17,790000915527344;17,790000915527344;17,790000915527344;17,790000915527344;0
2026-09-29;14:20:00;-03:00;17,829999923706055;17,829999923706055;17,829999923706055;17,829999923706055;100
2026-09-29;14:22:00;-03:00;17,790000915527344;17,790000915527344;17,780000686645508;17,780000686645508;1200
2026-09-29;14:25:00;-03:00;17,780000686645508;17,780000686645508;17,780000686645508;17,780000686645508;0
2026-09-29;14:41:00;-03:00;17,84000015258789;17,84000015258789;17,84000015258789;17,84000015258789;600
2026-09-29;14:44:00;-03:00;17,860000610351562;17,860000610351562;17,860000610351562;17,860000610351562;1400
2026-09-29;14:49:00;-03:00;17,81999969482422;17,81999969482422;17,790000915527344;17,790000915527344;4600
2026-09-29;14:50:00;-03:00;17,799999237060547;17,799999237060547;17,799999237060547;17,799999237060547;0
2026-09-29;14:52:00;-03:00;17,799999237060547;17,799999237060547;17,790000915527344;17,790000915527344;400
2026-09-29;15:00:00;-03:00;17,84000015258789;17,84000015258789;17,84000015258789;17,84000015258789;0
2026-09-29;15:24:00;-03:00;17,8700008392334;17,889999389648438;17,8700008392334;17,889999389648438;1200
2026-09-29;15:28:00;-03:00;17,850000381469727;17,860000610351562;17,850000381469727;17,860000610351562;400
2026-09-29;15:33:00;-03:00;17,809999465942383;17,809999465942383;17,809999465942383;17,809999465942383;700
2026-09-29;15:40:00;-03:00;17,860000610351562;17,860000610351562;17,860000610351562;17,860000610351562;0
2026-09-29;15:49:00;-03:00;17,860000610351562;17,860000610351562;17,860000610351562;17,860000610351562;300
2026-09-29;16:26:00;-03:00;17,829999923706055;17,829999923706055;17,829999923706055;17,829999923706055;500
2026-09-29;16:32:00;-03:00;17,860000610351562;17,860000610351562;17,860000610351562;17,860000610351562;4000
2026-09-29;16:44:00;-03:00;17,829999923706055;17,829999923706055;17,829999923706055;17,829999923706055;0
2026-09-30;10:00:00;-03:00;17,889999389648438;17,889999389648438;17,889999389648438;17,889999389648438;0
2026-09-30;10:03:00;-03:00;17,8700008392334;17,8799991607666;17,8700008392334;17,8799991607666;300
2026-09-30;10:07:00;-03:00;17,850000381469727;17,850000381469727;17,850000381469727;17,850000381469727;200
2026-09-30;10:10:00;-03:00;17,860000610351562;17,860000610351562;17,860000610351562;17,860000610351562;200
2026-09-30;10:11:00;-03:00;17,8799991607666;17,93000030517578;17,8799991607666;17,93000030517578;5500
2026-09-30;10:13:00;-03:00;17,93000030517578;17,93000030517578;17,93000030517578;17,93000030517578;100
2026-09-30;10:15:00;-03:00;17,920000076293945;17,920000076293945;17,920000076293945;17,920000076293945;0
2026-09-30;10:21:00;-03:00;17,940000534057617;17,940000534057617;17,920000076293945;17,920000076293945;800
2026-09-30;10:23:00;-03:00;17,920000076293945;17,920000076293945;17,920000076293945;17,920000076293945;100
2026-09-30;10:26:00;-03:00;17,940000534057617;17,950000762939453;17,940000534057617;17,950000762939453;1400
2026-09-30;10:27:00;-03:00;17,950000762939453;17,950000762939453;17,950000762939453;17,950000762939453;400
2026-09-30;10:28:00;-03:00;17,959999084472656;17,959999084472656;17,959999084472656;17,959999084472656;1600
2026-09-30;10:30:00;-03:00;17,969999313354492;17,969999313354492;17,950000762939453;17,950000762939453;1100
2026-09-30;10:34:00;-03:00;17,969999313354492;17,969999313354492;17,969999313354492;17,969999313354492;800
2026-09-30;10:35:00;-03:00;17,959999084472656;17,959999084472656;17,950000762939453;17,950000762939453;200
2026-09-30;10:37:00;-03:00;17,920000076293945;17,920000076293945;17,920000076293945;17,920000076293945;100
2026-09-30;10:38:00;-03:00;17,90999984741211;17,90999984741211;17,899999618530273;17,899999618530273;3500
2026-09-30;10:40:00;-03:00;17,940000534057617;17,940000534057617;17,940000534057617;17,940000534057617;0
2026-09-30;10:49:00;-03:00;17,93000030517578;17,93000030517578;17,93000030517578;17,93000030517578;400
2026-09-30;10:56:00;-03:00;17,940000534057617;17,940000534057617;17,940000534057617;17,940000534057617;0
2026-09-30;10:57:00;-03:00;17,959999084472656;17,959999084472656;17,959999084472656;17,959999084472656;200
2026-09-30;10:58:00;-03:00;17,959999084472656;17,969999313354492;17,959999084472656;17,969999313354492;1000
2026-09-30;10:59:00;-03:00;17,979999542236328;17,979999542236328;17,979999542236328;17,979999542236328;300
2026-09-30;11:05:00;-03:00;17,979999542236328;17,989999771118164;17,979999542236328;17,989999771118164;700
2026-09-30;11:06:00;-03:00;17,989999771118164;18,0;17,989999771118164;18,0;2600
2026-09-30;11:11:00;-03:00;18,06999969482422;18,079999923706055;18,020000457763672;18,030000686645508;1500
2026-09-30;11:13:00;-03:00;18,030000686645508;18,030000686645508;18,030000686645508;18,030000686645508;1700
2026-09-30;11:17:00;-03:00;18,040000915527344;18,040000915527344;18,040000915527344;18,040000915527344;0
2026-09-30;11:26:00;-03:00;18,020000457763672;18,020000457763672;18,020000457763672;18,020000457763672;300
2026-09-30;11:27:00;-03:00;18,010000228881836;18,010000228881836;18,010000228881836;18,010000228881836;300
2026-09-30;11:28:00;-03:00;18,0;18,0;18,0;18,0;400
2026-09-30;11:36:00;-03:00;17,989999771118164;17,989999771118164;17,989999771118164;17,989999771118164;1200
2026-09-30;11:38:00;-03:00;17,989999771118164;17,989999771118164;17,959999084472656;17,959999084472656;1000
2026-09-30;11:40:00;-03:00;17,950000762939453;17,950000762939453;17,920000076293945;17,920000076293945;1000
2026-09-30;11:41:00;-03:00;17,940000534057617;17,940000534057617;17,940000534057617;17,940000534057617;100
2026-09-30;12:19:00;-03:00;17,940000534057617;17,959999084472656;17,940000534057617;17,959999084472656;400
2026-09-30;12:20:00;-03:00;17,959999084472656;17,959999084472656;17,959999084472656;17,959999084472656;200
2026-09-30;12:21:00;-03:00;17,979999542236328;17,979999542236328;17,979999542236328;17,979999542236328;100
2026-09-30;12:22:00;-03:00;17,959999084472656;17,959999084472656;17,959999084472656;17,959999084472656;100
2026-09-30;12:23:00;-03:00;17,959999084472656;17,959999084472656;17,93000030517578;17,93000030517578;200
2026-09-30;12:24:00;-03:00;17,950000762939453;17,950000762939453;17,950000762939453;17,950000762939453;100
2026-09-30;12:27:00;-03:00;17,950000762939453;17,950000762939453;17,950000762939453;17,950000762939453;100
2026-09-30;12:42:00;-03:00;17,940000534057617;17,940000534057617;17,920000076293945;17,920000076293945;300
2026-09-30;12:48:00;-03:00;17,93000030517578;17,93000030517578;17,93000030517578;17,93000030517578;200
2026-09-30;12:56:00;-03:00;17,940000534057617;17,940000534057617;17,940000534057617;17,940000534057617;100
2026-09-30;12:57:00;-03:00;17,940000534057617;17,940000534057617;17,940000534057617;17,940000534057617;0
2026-09-30;13:28:00;-03:00;17,950000762939453;17,950000762939453;17,950000762939453;17,950000762939453;100
2026-09-30;13:34:00;-03:00;17,959999084472656;17,959999084472656;17,959999084472656;17,959999084472656;800
2026-09-30;13:43:00;-03:00;17,959999084472656;17,959999084472656;17,959999084472656;17,959999084472656;100
2026-09-30;13:48:00;-03:00;17,950000762939453;17,950000762939453;17,90999984741211;17,90999984741211;2900
2026-09-30;14:01:00;-03:00;17,93000030517578;17,93000030517578;17,93000030517578;17,93000030517578;200
2026-09-30;14:02:00;-03:00;17,979999542236328;18,0;17,979999542236328;18,0;2500
2026-09-30;14:06:00;-03:00;17,969999313354492;17,969999313354492;17,969999313354492;17,969999313354492;400
2026-09-30;14:07:00;-03:00;17,940000534057617;17,940000534057617;17,889999389648438;17,90999984741211;3000
2026-09-30;14:23:00;-03:00;17,959999084472656;17,959999084472656;17,959999084472656;17,959999084472656;200
2026-09-30;14:26:00;-03:00;17,959999084472656;17,959999084472656;17,959999084472656;17,959999084472656;0
2026-09-30;14:40:00;-03:00;17,93000030517578;17,93000030517578;17,889999389648438;17,920000076293945;3300
2026-09-30;14:44:00;-03:00;17,93000030517578;17,93000030517578;17,93000030517578;17,93000030517578;300
2026-09-30;14:47:00;-03:00;17,93000030517578;17,93000030517578;17,93000030517578;17,93000030517578;0
2026-09-30;14:49:00;-03:00;17,950000762939453;17,950000762939453;17,950000762939453;17,950000762939453;200
2026-09-30;14:50:00;-03:00;17,940000534057617;17,940000534057617;17,940000534057617;17,940000534057617;300
2026-09-30;14:51:00;-03:00;17,950000762939453;17,959999084472656;17,950000762939453;17,959999084472656;200
2026-09-30;15:05:00;-03:00;17,969999313354492;17,989999771118164;17,969999313354492;17,989999771118164;800
2026-09-30;15:09:00;-03:00;17,979999542236328;17,979999542236328;17,979999542236328;17,979999542236328;200
2026-09-30;15:10:00;-03:00;17,979999542236328;17,979999542236328;17,959999084472656;17,979999542236328;6600
2026-09-30;15:14:00;-03:00;17,989999771118164;17,989999771118164;17,969999313354492;17,969999313354492;9000
2026-09-30;15:24:00;-03:00;17,979999542236328;17,979999542236328;17,979999542236328;17,979999542236328;200
2026-09-30;15:30:00;-03:00;17,979999542236328;17,989999771118164;17,979999542236328;17,989999771118164;500
2026-09-30;15:31:00;-03:00;18,0;18,0;18,0;18,0;400
2026-09-30;15:38:00;-03:00;18,0;18,0;17,979999542236328;17,979999542236328;7100
2026-09-30;15:45:00;-03:00;17,989999771118164;17,989999771118164;17,989999771118164;17,989999771118164;0
2026-09-30;15:53:00;-03:00;17,979999542236328;17,979999542236328;17,979999542236328;17,979999542236328;500
2026-09-30;15:55:00;-03:00;17,979999542236328;17,979999542236328;17,979999542236328;17,979999542236328;1300
2026-09-30;15:56:00;-03:00;17,950000762939453;17,950000762939453;17,950000762939453;17,950000762939453;0
2026-09-30;16:05:00;-03:00;17,979999542236328;17,979999542236328;17,979999542236328;17,979999542236328;700
2026-09-30;16:12:00;-03:00;18,0;18,0;18,0;18,0;800
2026-09-30;16:24:00;-03:00;18,010000228881836;18,010000228881836;18,010000228881836;18,010000228881836;200
2026-09-30;16:28:00;-03:00;18,010000228881836;18,010000228881836;18,010000228881836;18,010000228881836;100
2026-09-30;16:33:00;-03:00;18,0;18,0;17,979999542236328;17,979999542236328;10200
2026-09-30;16:45:00;-03:00;17,979999542236328;17,979999542236328;17,979999542236328;17,979999542236328;200
2026-09-30;16:48:00;-03:00;18,0;18,0;18,0;18,0;0
2026-09-30;16:54:00;-03:00;17,989999771118164;17,989999771118164;17,989999771118164;17,989999771118164;200
2026-10-01;10:01:00;-03:00;18,100000381469727;18,15999984741211;18,100000381469727;18,149999618530273;0
2026-10-01;10:02:00;-03:00;18,260000228881836;18,350000381469727;18,260000228881836;18,34000015258789;300
2026-10-01;10:04:00;-03:00;18,059999465942383;18,059999465942383;18,0;18,0;600
2026-10-01;10:05:00;-03:00;18,0;18,0;17,979999542236328;17,979999542236328;700
2026-10-01;10:11:00;-03:00;17,979999542236328;17,979999542236328;17,979999542236328;17,979999542236328;200
2026-10-01;10:12:00;-03:00;17,969999313354492;17,979999542236328;17,969999313354492;17,979999542236328;1000
2026-10-01;10:18:00;-03:00;17,989999771118164;17,989999771118164;17,989999771118164;17,989999771118164;0
2026-10-01;10:21:00;-03:00;18,0;18,020000457763672;18,0;18,020000457763672;600
2026-10-01;10:24:00;-03:00;18,059999465942383;18,059999465942383;18,010000228881836;18,010000228881836;800
2026-10-01;10:25:00;-03:00;18,040000915527344;18,040000915527344;18,040000915527344;18,040000915527344;300
2026-10-01;10:26:00;-03:00;17,989999771118164;17,989999771118164;17,989999771118164;17,989999771118164;400
2026-10-01;10:27:00;-03:00;18,040000915527344;18,040000915527344;18,040000915527344;18,040000915527344;100
2026-10-01;10:30:00;-03:00;18,030000686645508;18,030000686645508;18,030000686645508;18,030000686645508;100
2026-10-01;10:32:00;-03:00;17,989999771118164;17,989999771118164;17,989999771118164;17,989999771118164;900
2026-10-01;10:33:00;-03:00;18,030000686645508;18,030000686645508;18,030000686645508;18,030000686645508;600
2026-10-01;10:35:00;-03:00;18,0;18,0;18,0;18,0;0
2026-10-01;10:38:00;-03:00;18,0;18,0;18,0;18,0;700
2026-10-01;10:41:00;-03:00;17,979999542236328;17,979999542236328;17,979999542236328;17,979999542236328;0
2026-10-01;10:45:00;-03:00;18,010000228881836;18,010000228881836;18,010000228881836;18,010000228881836;0
2026-10-01;10:52:00;-03:00;18,030000686645508;18,030000686645508;18,030000686645508;18,030000686645508;800
2026-10-01;10:53:00;-03:00;18,079999923706055;18,079999923706055;18,079999923706055;18,079999923706055;0
2026-10-01;10:55:00;-03:00;18,1299991607666;18,15999984741211;18,1299991607666;18,15999984741211;1100
2026-10-01;10:56:00;-03:00;18,09000015258789;18,09000015258789;18,049999237060547;18,049999237060547;1100
2026-10-01;10:57:00;-03:00;18,049999237060547;18,049999237060547;18,049999237060547;18,049999237060547;100
2026-10-01;11:02:00;-03:00;18,040000915527344;18,040000915527344;18,0;18,0;100
2026-10-01;11:07:00;-03:00;18,020000457763672;18,020000457763672;18,020000457763672;18,020000457763672;200
2026-10-01;11:15:00;-03:00;18,020000457763672;18,020000457763672;18,020000457763672;18,020000457763672;0
2026-10-01;11:25:00;-03:00;18,049999237060547;18,049999237060547;18,049999237060547;18,049999237060547;400
2026-10-01;11:29:00;-03:00;18,059999465942383;18,059999465942383;18,059999465942383;18,059999465942383;300
2026-10-01;11:30:00;-03:00;18,010000228881836;18,010000228881836;18,0;18,0;900
2026-10-01;11:31:00;-03:00;18,0;18,0;18,0;18,0;400
2026-10-01;11:36:00;-03:00;18,010000228881836;18,010000228881836;17,959999084472656;17,959999084472656;3100
2026-10-01;11:37:00;-03:00;18,010000228881836;18,020000457763672;17,950000762939453;18,020000457763672;3300
2026-10-01;11:38:00;-03:00;18,010000228881836;18,010000228881836;18,010000228881836;18,010000228881836;100
2026-10-01;11:39:00;-03:00;17,959999084472656;17,959999084472656;17,959999084472656;17,959999084472656;200
2026-10-01;11:40:00;-03:00;17,969999313354492;18,0;17,969999313354492;18,0;1700
2026-10-01;11:42:00;-03:00;17,959999084472656;17,959999084472656;17,889999389648438;17,889999389648438;9000
2026-10-01;11:44:00;-03:00;17,920000076293945;17,950000762939453;17,920000076293945;17,950000762939453;1000
2026-10-01;11:45:00;-03:00;17,889999389648438;17,889999389648438;17,889999389648438;17,889999389648438;200
2026-10-01;11:46:00;-03:00;17,920000076293945;17,920000076293945;17,90999984741211;17,90999984741211;300
2026-10-01;11:47:00;-03:00;17,90999984741211;17,90999984741211;17,90999984741211;17,90999984741211;100
2026-10-01;11:48:00;-03:00;17,8700008392334;17,8700008392334;17,8700008392334;17,8700008392334;100
2026-10-01;11:49:00;-03:00;17,8799991607666;17,8799991607666;17,8799991607666;17,8799991607666;200
2026-10-01;11:51:00;-03:00;17,90999984741211;17,93000030517578;17,90999984741211;17,93000030517578;500
2026-10-01;11:53:00;-03:00;17,90999984741211;17,90999984741211;17,90999984741211;17,90999984741211;200
2026-10-01;11:54:00;-03:00;17,8799991607666;17,8799991607666;17,850000381469727;17,850000381469727;3100
2026-10-01;12:01:00;-03:00;17,8700008392334;17,8700008392334;17,850000381469727;17,850000381469727;100
2026-10-01;12:03:00;-03:00;17,860000610351562;17,860000610351562;17,799999237060547;17,84000015258789;3600
2026-10-01;12:05:00;-03:00;17,8700008392334;17,8700008392334;17,8700008392334;17,8700008392334;200
2026-10-01;12:06:00;-03:00;17,829999923706055;17,829999923706055;17,799999237060547;17,799999237060547;200
2026-10-01;12:08:00;-03:00;17,799999237060547;17,799999237060547;17,75;17,75;3000
2026-10-01;12:11:00;-03:00;17,760000228881836;17,799999237060547;17,760000228881836;17,799999237060547;600
2026-10-01;12:12:00;-03:00;17,81999969482422;17,81999969482422;17,81999969482422;17,81999969482422;300
2026-10-01;12:14:00;-03:00;17,780000686645508;17,780000686645508;17,729999542236328;17,729999542236328;2800
2026-10-01;12:17:00;-03:00;17,739999771118164;17,739999771118164;17,739999771118164;17,739999771118164;300
2026-10-01;12:19:00;-03:00;17,739999771118164;17,739999771118164;17,739999771118164;17,739999771118164;0
2026-10-01;12:22:00;-03:00;17,829999923706055;17,829999923706055;17,829999923706055;17,829999923706055;300
2026-10-01;12:24:00;-03:00;17,829999923706055;17,8700008392334;17,829999923706055;17,8700008392334;1400
2026-10-01;12:26:00;-03:00;17,850000381469727;17,850000381469727;17,850000381469727;17,850000381469727;0
2026-10-01;12:27:00;-03:00;17,860000610351562;17,8700008392334;17,860000610351562;17,8700008392334;600
2026-10-01;12:33:00;-03:00;17,90999984741211;17,90999984741211;17,90999984741211;17,90999984741211;0
2026-10-01;12:46:00;-03:00;17,889999389648438;17,889999389648438;17,889999389648438;17,889999389648438;200
2026-10-01;12:49:00;-03:00;17,899999618530273;17,899999618530273;17,899999618530273;17,899999618530273;0
2026-10-01;12:55:00;-03:00;17,90999984741211;17,90999984741211;17,90999984741211;17,90999984741211;200
2026-10-01;12:56:00;-03:00;17,920000076293945;17,920000076293945;17,920000076293945;17,920000076293945;200
2026-10-01;13:02:00;-03:00;17,950000762939453;17,950000762939453;17,950000762939453;17,950000762939453;0
2026-10-01;13:11:00;-03:00;17,940000534057617;17,940000534057617;17,940000534057617;17,940000534057617;200
2026-10-01;13:13:00;-03:00;17,950000762939453;17,950000762939453;17,940000534057617;17,940000534057617;200
2026-10-01;13:16:00;-03:00;17,950000762939453;17,950000762939453;17,950000762939453;17,950000762939453;200
2026-10-01;13:21:00;-03:00;17,979999542236328;17,979999542236328;17,979999542236328;17,979999542236328;200
2026-10-01;13:26:00;-03:00;18,020000457763672;18,020000457763672;17,989999771118164;17,989999771118164;200
2026-10-01;13:29:00;-03:00;18,010000228881836;18,010000228881836;18,010000228881836;18,010000228881836;0
2026-10-01;13:41:00;-03:00;18,0;18,0;18,0;18,0;200
2026-10-01;13:44:00;-03:00;18,010000228881836;18,010000228881836;18,010000228881836;18,010000228881836;100
2026-10-01;13:47:00;-03:00;18,010000228881836;18,010000228881836;18,010000228881836;18,010000228881836;500
2026-10-01;13:49:00;-03:00;17,979999542236328;17,979999542236328;17,979999542236328;17,979999542236328;0
2026-10-01;13:52:00;-03:00;17,959999084472656;17,959999084472656;17,799999237060547;17,799999237060547;23400
2026-10-01;13:55:00;-03:00;17,809999465942383;17,809999465942383;17,809999465942383;17,809999465942383;0
2026-10-01;14:04:00;-03:00;17,90999984741211;17,93000030517578;17,90999984741211;17,93000030517578;600
2026-10-01;14:07:00;-03:00;17,90999984741211;17,920000076293945;17,90999984741211;17,920000076293945;300
2026-10-01;14:15:00;-03:00;17,90999984741211;17,940000534057617;17,90999984741211;17,940000534057617;1700
2026-10-01;14:18:00;-03:00;17,959999084472656;17,969999313354492;17,959999084472656;17,959999084472656;400
2026-10-01;14:20:00;-03:00;18,0;18,040000915527344;18,0;18,040000915527344;1700
2026-10-01;14:23:00;-03:00;18,020000457763672;18,020000457763672;17,920000076293945;17,920000076293945;1400
2026-10-01;14:26:00;-03:00;17,950000762939453;17,950000762939453;17,950000762939453;17,950000762939453;0
2026-10-01;14:29:00;-03:00;17,940000534057617;17,940000534057617;17,90999984741211;17,93000030517578;3200
2026-10-01;14:30:00;-03:00;17,940000534057617;17,959999084472656;17,940000534057617;17,959999084472656;400
2026-10-01;14:31:00;-03:00;17,959999084472656;17,959999084472656;17,959999084472656;17,959999084472656;2700
2026-10-01;14:32:00;-03:00;17,889999389648438;17,889999389648438;17,889999389648438;17,889999389648438;0
2026-10-01;15:03:00;-03:00;17,959999084472656;17,959999084472656;17,959999084472656;17,959999084472656;100
2026-10-01;15:08:00;-03:00;17,93000030517578;17,93000030517578;17,860000610351562;17,860000610351562;3300
2026-10-01;15:11:00;-03:00;17,899999618530273;17,93000030517578;17,899999618530273;17,93000030517578;200
2026-10-01;15:13:00;-03:00;17,940000534057617;17,940000534057617;17,940000534057617;17,940000534057617;100
2026-10-01;15:16:00;-03:00;17,90999984741211;17,90999984741211;17,860000610351562;17,860000610351562;3500
2026-10-01;15:18:00;-03:00;17,90999984741211;17,920000076293945;17,90999984741211;17,920000076293945;0
2026-10-01;15:19:00;-03:00;17,899999618530273;17,899999618530273;17,899999618530273;17,899999618530273;200
2026-10-01;15:20:00;-03:00;17,889999389648438;17,90999984741211;17,889999389648438;17,889999389648438;400
2026-10-01;15:21:00;-03:00;17,90999984741211;17,90999984741211;17,90999984741211;17,90999984741211;200
2026-10-01;15:23:00;-03:00;17,920000076293945;17,940000534057617;17,920000076293945;17,940000534057617;800
2026-10-01;15:34:00;-03:00;17,93000030517578;17,93000030517578;17,93000030517578;17,93000030517578;0
2026-10-01;15:36:00;-03:00;17,959999084472656;17,959999084472656;17,959999084472656;17,959999084472656;400
2026-10-01;15:37:00;-03:00;17,940000534057617;17,940000534057617;17,940000534057617;17,940000534057617;400
2026-10-01;15:43:00;-03:00;17,920000076293945;17,920000076293945;17,860000610351562;17,90999984741211;3100
2026-10-01;15:46:00;-03:00;17,889999389648438;17,889999389648438;17,889999389648438;17,889999389648438;100
2026-10-01;15:51:00;-03:00;17,90999984741211;17,940000534057617;17,90999984741211;17,940000534057617;1600
2026-10-01;15:54:00;-03:00;17,940000534057617;17,940000534057617;17,940000534057617;17,940000534057617;300
2026-10-01;15:56:00;-03:00;17,950000762939453;17,950000762939453;17,950000762939453;17,950000762939453;0
